{
    "data": {
        "labels": {
            "training_labels": "/home/moore_a_erika/Downloads/thankgod.v003.slp",
            "validation_labels": null,
            "validation_fraction": 0.1,
            "test_labels": null,
            "split_by_inds": false,
            "training_inds": [
                855,
                1426,
                179,
                77,
                1012,
                665,
                1080,
                1343,
                1004,
                1133,
                933,
                990,
                157,
                214,
                1327,
                698,
                639,
                60,
                387,
                1153,
                876,
                1005,
                139,
                1071,
                1001,
                513,
                620,
                373,
                1261,
                1503,
                221,
                1324,
                974,
                368,
                858,
                569,
                533,
                1213,
                219,
                821,
                1058,
                1573,
                1233,
                1106,
                944,
                1212,
                1035,
                367,
                962,
                329,
                1434,
                180,
                1330,
                690,
                1115,
                1417,
                54,
                334,
                983,
                752,
                679,
                112,
                258,
                263,
                490,
                717,
                963,
                107,
                326,
                1436,
                1504,
                1152,
                352,
                153,
                493,
                1263,
                1043,
                670,
                57,
                51,
                795,
                1053,
                1495,
                1444,
                593,
                1119,
                25,
                401,
                304,
                185,
                188,
                432,
                817,
                875,
                1244,
                113,
                281,
                672,
                1277,
                595,
                419,
                1547,
                921,
                234,
                663,
                1185,
                712,
                253,
                222,
                1326,
                996,
                424,
                762,
                317,
                736,
                1184,
                18,
                411,
                45,
                1284,
                394,
                1029,
                866,
                940,
                11,
                879,
                438,
                292,
                362,
                1585,
                1493,
                1589,
                694,
                1164,
                1507,
                71,
                1287,
                865,
                1123,
                250,
                854,
                1290,
                964,
                1524,
                1089,
                1026,
                1554,
                293,
                789,
                339,
                1443,
                344,
                193,
                1570,
                766,
                1544,
                1310,
                1124,
                1447,
                829,
                810,
                782,
                1357,
                255,
                1273,
                596,
                1150,
                1506,
                611,
                681,
                1057,
                386,
                410,
                87,
                623,
                309,
                557,
                238,
                706,
                118,
                541,
                778,
                442,
                479,
                566,
                674,
                111,
                151,
                421,
                425,
                1015,
                1279,
                802,
                1580,
                1223,
                1301,
                1550,
                1118,
                704,
                1267,
                1188,
                1067,
                892,
                1257,
                1234,
                306,
                346,
                1562,
                1247,
                412,
                1068,
                336,
                177,
                668,
                146,
                567,
                1076,
                612,
                1231,
                418,
                1372,
                252,
                630,
                1099,
                1449,
                1430,
                881,
                1024,
                1095,
                95,
                43,
                1296,
                1367,
                271,
                472,
                928,
                643,
                896,
                1537,
                512,
                1155,
                777,
                97,
                289,
                1283,
                834,
                683,
                1325,
                1038,
                413,
                1297,
                878,
                1232,
                1282,
                591,
                839,
                1256,
                1482,
                956,
                1401,
                237,
                982,
                1352,
                174,
                970,
                936,
                1055,
                1110,
                1251,
                1134,
                469,
                1194,
                659,
                1221,
                1127,
                772,
                1584,
                517,
                1022,
                282,
                1458,
                488,
                243,
                1278,
                1354,
                631,
                1146,
                1010,
                943,
                4,
                416,
                1,
                397,
                695,
                325,
                203,
                743,
                1441,
                606,
                445,
                978,
                1060,
                895,
                796,
                327,
                577,
                1318,
                888,
                744,
                871,
                90,
                553,
                1103,
                91,
                779,
                1517,
                1132,
                825,
                232,
                726,
                1226,
                701,
                235,
                216,
                1328,
                634,
                501,
                1130,
                1048,
                1412,
                599,
                730,
                62,
                540,
                297,
                1299,
                331,
                376,
                1137,
                1329,
                756,
                693,
                1157,
                751,
                1112,
                1272,
                1199,
                1322,
                499,
                911,
                104,
                935,
                147,
                1174,
                260,
                366,
                80,
                12,
                1501,
                68,
                452,
                976,
                324,
                1513,
                85,
                1291,
                650,
                460,
                1515,
                168,
                1138,
                529,
                570,
                83,
                883,
                576,
                699,
                525,
                584,
                307,
                456,
                1151,
                162,
                937,
                440,
                1037,
                856,
                274,
                617,
                1276,
                746,
                1567,
                1180,
                1340,
                984,
                893,
                1487,
                155,
                543,
                627,
                1192,
                516,
                78,
                755,
                780,
                889,
                127,
                1293,
                1577,
                275,
                1366,
                210,
                733,
                1331,
                114,
                26,
                716,
                740,
                1508,
                1400,
                1478,
                449,
                977,
                1388,
                1170,
                106,
                966,
                1355,
                69,
                913,
                1402,
                1415,
                1389,
                1395,
                1254,
                1125,
                1183,
                160,
                1090,
                1484,
                1274,
                870,
                989,
                915,
                1235,
                109,
                1548,
                1064,
                284,
                167,
                101,
                939,
                350,
                3,
                145,
                278,
                82,
                328,
                1499,
                953,
                697,
                633,
                37,
                1525,
                226,
                1105,
                747,
                316,
                379,
                1250,
                507,
                380,
                1175,
                1260,
                587,
                952,
                532,
                527,
                771,
                1521,
                1144,
                702,
                303,
                1532,
                1280,
                528,
                662,
                621,
                75,
                459,
                859,
                919,
                898,
                478,
                1225,
                615,
                280,
                841,
                661,
                794,
                433,
                785,
                1252,
                739,
                923,
                1535,
                1292,
                1411,
                946,
                383,
                1081,
                827,
                932,
                485,
                124,
                36,
                800,
                1201,
                229,
                1588,
                375,
                1456,
                720,
                1143,
                1094,
                1592,
                718,
                47,
                960,
                1502,
                1289,
                1147,
                885,
                213,
                722,
                1135,
                867,
                1179,
                190,
                644,
                44,
                1497,
                1093,
                629,
                310,
                622,
                832,
                1494,
                197,
                548,
                150,
                32,
                302,
                589,
                1020,
                930,
                342,
                1527,
                862,
                640,
                450,
                812,
                1347,
                1120,
                171,
                731,
                273,
                268,
                651,
                912,
                1356,
                522,
                285,
                1362,
                19,
                28,
                1160,
                1361,
                427,
                819,
                686,
                1394,
                997,
                666,
                1397,
                652,
                803,
                166,
                1568,
                385,
                1323,
                296,
                949,
                92,
                1039,
                467,
                1242,
                119,
                1520,
                46,
                191,
                314,
                1040,
                159,
                382,
                1181,
                562,
                182,
                972,
                1369,
                199,
                422,
                498,
                1460,
                1011,
                1182,
                1365,
                1098,
                1154,
                227,
                1149,
                903,
                1457,
                50,
                211,
                638,
                33,
                201,
                545,
                29,
                1030,
                653,
                820,
                1373,
                1552,
                1511,
                1413,
                1332,
                797,
                349,
                515,
                409,
                23,
                1433,
                458,
                1210,
                873,
                322,
                1377,
                831,
                391,
                1439,
                94,
                341,
                745,
                1338,
                877,
                1316,
                1002,
                408,
                471,
                436,
                1178,
                968,
                1576,
                1173,
                181,
                1222,
                1528,
                729,
                840,
                137,
                117,
                807,
                381,
                1370,
                530,
                1560,
                603,
                1445,
                1208,
                645,
                35,
                429,
                958,
                448,
                647,
                22,
                1309,
                165,
                1429,
                251,
                1017,
                649,
                1217,
                554,
                792,
                583,
                41,
                1186,
                215,
                1476,
                1228,
                1558,
                288,
                850,
                414,
                7,
                805,
                753,
                1240,
                1270,
                799,
                987,
                1486,
                256,
                680,
                1216,
                1243,
                628,
                121,
                741,
                1523,
                1191,
                1390,
                724,
                320,
                108,
                880,
                1350,
                551,
                954,
                894,
                781,
                685,
                544,
                489,
                1406,
                504,
                1187,
                1461,
                783,
                1408,
                1431,
                675,
                559,
                244,
                904,
                30,
                986,
                1473,
                948,
                526,
                586,
                228,
                149,
                370,
                392,
                1046,
                860,
                874,
                242,
                594,
                313,
                423,
                1114,
                890,
                761,
                239,
                1204,
                534,
                1237,
                1496,
                283,
                636,
                224,
                1382,
                700,
                1386,
                1442,
                319,
                1028,
                1498,
                1050,
                207,
                8,
                897,
                1363,
                1253,
                246,
                1140,
                156,
                1014,
                1307,
                1348,
                417,
                938,
                99,
                1275,
                16,
                713,
                916,
                1019,
                1052,
                1351,
                135,
                144,
                457,
                105,
                788,
                957,
                1286,
                1559,
                775,
                1481,
                967,
                1428,
                39,
                971,
                1541,
                497,
                318,
                1129,
                110,
                63,
                689,
                1492,
                708,
                882,
                1594,
                992,
                1450,
                684,
                1379,
                1514,
                1131,
                565,
                15,
                1403,
                844,
                131,
                1565,
                1268,
                1475,
                143,
                1571,
                711,
                14,
                1006,
                975,
                852,
                1034,
                760,
                1047,
                1435,
                999,
                707,
                581,
                769,
                1126,
                247,
                1193,
                573,
                1533,
                691,
                625,
                1306,
                1085,
                1203,
                508,
                1117,
                887,
                462,
                393,
                343,
                568,
                484,
                1224,
                1531,
                1545,
                122,
                1586,
                696,
                909,
                642,
                1215,
                430,
                822,
                1169,
                925,
                311,
                1314,
                1302,
                547,
                1346,
                918,
                910,
                590,
                1074,
                1070,
                798,
                267,
                1491,
                815,
                1526,
                1211,
                464,
                1122,
                89,
                337,
                21,
                847,
                1371,
                1219,
                1091,
                793,
                1161,
                358,
                750,
                1007,
                1258,
                395,
                1364,
                1177,
                673,
                613,
                531,
                1465,
                261,
                1086,
                455,
                59,
                1264,
                1049,
                272,
                1319,
                1374,
                728,
                808,
                535,
                1246,
                494,
                369,
                134,
                1405,
                1196,
                1448,
                233,
                899,
                610,
                601,
                776,
                1556,
                205,
                1061,
                1543,
                123,
                24,
                1033,
                1300,
                950,
                1479,
                70,
                1575,
                934,
                1483,
                465,
                400,
                98,
                1438,
                563,
                518,
                1087,
                1404,
                980,
                1359,
                592,
                542,
                767,
                1320,
                480,
                1489,
                269,
                1156,
                345,
                1059,
                403,
                1000,
                1440,
                818,
                125,
                444,
                158,
                27,
                451,
                1266,
                965,
                561,
                300,
                538,
                1171,
                1108,
                1410,
                486,
                849,
                88,
                1469,
                64,
                1262,
                476,
                332,
                993,
                598,
                994,
                481,
                473,
                1422,
                969,
                129,
                857,
                1045,
                1376,
                483,
                1082,
                294,
                378,
                495,
                1335,
                426,
                1304,
                1380,
                1563,
                1419,
                605,
                1414,
                338,
                1462,
                1574,
                763,
                454,
                764,
                618,
                1446,
                816,
                482,
                641,
                660,
                1198,
                1016,
                737,
                1432,
                506,
                1553,
                67,
                1549,
                184,
                254,
                96,
                1214,
                537,
                723,
                398,
                1546,
                1512,
                1220,
                287,
                38,
                492,
                804,
                790,
                734,
                539,
                845,
                1337,
                869,
                1229,
                703,
                152,
                1463,
                130,
                1437,
                206,
                1321,
                487,
                163,
                872,
                164,
                1003,
                578,
                1368,
                742,
                1474,
                988,
                1248,
                1069,
                407,
                505,
                315,
                1065,
                768,
                76,
                616,
                998,
                927,
                1116,
                580,
                66,
                914,
                619,
                901,
                141,
                217,
                1205,
                600,
                1167,
                1468,
                1018,
                195,
                1344,
                220,
                1423,
                372,
                655,
                1189,
                295,
                390,
                900,
                955,
                236,
                947,
                61,
                264,
                906,
                688,
                93,
                1336,
                692,
                842,
                924,
                405,
                572,
                929,
                574,
                891,
                404,
                301,
                355,
                333,
                475,
                290,
                1349,
                549,
                973,
                1142,
                371,
                1025,
                321,
                1381,
                212,
                1102,
                126,
                521,
                257,
                218,
                676,
                1358,
                466,
                813,
                1392,
                1269,
                667,
                991,
                669,
                941,
                1566,
                176,
                377,
                602,
                388,
                654,
                1593,
                266,
                843,
                786,
                1128,
                848,
                1539,
                1334,
                208,
                1522,
                1421,
                1418,
                759,
                277,
                1516,
                128,
                1255,
                348,
                509,
                836,
                864,
                1464,
                1383,
                374,
                1027,
                347,
                140,
                1101,
                1008,
                1077,
                811,
                1477,
                765,
                1551,
                626,
                1206,
                103,
                259,
                714,
                1088,
                161,
                774,
                588,
                34,
                399,
                738,
                656,
                138,
                1218,
                120,
                510,
                1136,
                658,
                1195,
                920,
                1021,
                1265,
                1044,
                614,
                1579,
                560,
                1561,
                265,
                359,
                801,
                1066,
                770,
                461,
                1245,
                951,
                607,
                908,
                55,
                1536,
                1032,
                536,
                439,
                1259,
                230,
                1451,
                520,
                1581,
                1557,
                241,
                1056,
                556,
                406,
                846,
                1313,
                402,
                245,
                1227,
                431,
                1042,
                814,
                1121,
                902,
                1342,
                754,
                1538,
                330,
                917,
                65,
                1054,
                298,
                240,
                420,
                365,
                1148,
                735,
                861,
                1509,
                604,
                648,
                1113,
                1041,
                73,
                116,
                434,
                1031,
                758,
                1530,
                1569,
                249,
                787,
                1009,
                1159,
                0,
                1249,
                558,
                198,
                196,
                1073,
                357,
                1241,
                1145,
                1305,
                363,
                17,
                1420,
                582,
                1079,
                1387,
                671,
                1285,
                172,
                1111,
                1529,
                1209,
                657,
                1139,
                1378,
                53,
                500,
                1424,
                863,
                1092,
                31,
                441,
                632,
                1587,
                187,
                186,
                851,
                503,
                682,
                308,
                133,
                291,
                115,
                170,
                1190,
                1375,
                511,
                1519,
                2,
                1063,
                1396,
                1582,
                1158,
                148,
                828,
                1197,
                194,
                1308,
                1051,
                192,
                49,
                356,
                132,
                10,
                437,
                1295,
                40,
                1075,
                364,
                447,
                1360,
                446,
                335,
                1480,
                773,
                1239,
                248,
                868,
                1013,
                1083,
                361,
                959,
                791,
                1452,
                20,
                524,
                757,
                202,
                204,
                1455,
                1141,
                13,
                1590,
                1384,
                677,
                354,
                1564,
                1540,
                824,
                477,
                597,
                1236,
                1407,
                48,
                664,
                1303,
                1023,
                995,
                922,
                1165,
                942,
                719,
                1505,
                624,
                979,
                519,
                748,
                276,
                305,
                323,
                1168,
                1288,
                715,
                1518,
                837,
                468,
                907,
                985
            ],
            "validation_inds": [
                1488,
                1341,
                1104,
                571,
                496,
                1200,
                5,
                1425,
                435,
                1578,
                1466,
                637,
                84,
                474,
                1555,
                749,
                1078,
                389,
                1459,
                491,
                945,
                470,
                312,
                1172,
                154,
                279,
                1534,
                1084,
                1176,
                609,
                102,
                646,
                1238,
                299,
                502,
                415,
                838,
                52,
                1393,
                189,
                1097,
                86,
                1500,
                1542,
                453,
                353,
                1315,
                209,
                1399,
                1281,
                42,
                961,
                360,
                830,
                1096,
                1207,
                1107,
                806,
                635,
                1339,
                1591,
                1416,
                9,
                1353,
                142,
                1294,
                546,
                725,
                1311,
                809,
                463,
                1163,
                56,
                1345,
                178,
                428,
                1072,
                709,
                1467,
                835,
                1472,
                1202,
                173,
                575,
                1454,
                1391,
                555,
                514,
                200,
                58,
                1298,
                270,
                1162,
                886,
                727,
                1230,
                286,
                136,
                732,
                1471,
                550,
                1427,
                1036,
                1312,
                1166,
                564,
                608,
                705,
                585,
                1453,
                81,
                721,
                443,
                833,
                826,
                981,
                74,
                384,
                926,
                1583,
                6,
                710,
                1485,
                884,
                1398,
                351,
                1385,
                1317,
                175,
                183,
                169,
                72,
                100,
                225,
                223,
                823,
                784,
                1510,
                1100,
                79,
                579,
                678,
                931,
                340,
                687,
                552,
                1490,
                396,
                1271,
                1109,
                853,
                1572,
                1333,
                905,
                1470,
                1062,
                231,
                262,
                1409,
                523
            ],
            "test_inds": null,
            "search_path_hints": [
                "",
                "",
                "",
                "",
                "",
                "",
                "",
                "",
                ""
            ],
            "skeletons": []
        },
        "preprocessing": {
            "ensure_rgb": false,
            "ensure_grayscale": false,
            "imagenet_mode": null,
            "input_scaling": 0.4,
            "pad_to_stride": 16,
            "resize_and_pad_to_target": true,
            "target_height": 1080,
            "target_width": 1080
        },
        "instance_cropping": {
            "center_on_part": "spine",
            "crop_size": null,
            "crop_size_detection_padding": 16
        }
    },
    "model": {
        "backbone": {
            "leap": null,
            "unet": {
                "stem_stride": null,
                "max_stride": 16,
                "output_stride": 2,
                "filters": 16,
                "filters_rate": 2.0,
                "middle_block": true,
                "up_interpolate": true,
                "stacks": 1
            },
            "hourglass": null,
            "resnet": null,
            "pretrained_encoder": null
        },
        "heads": {
            "single_instance": null,
            "centroid": {
                "anchor_part": "spine",
                "sigma": 2.5,
                "output_stride": 2,
                "loss_weight": 1.0,
                "offset_refinement": false
            },
            "centered_instance": null,
            "multi_instance": null,
            "multi_class_bottomup": null,
            "multi_class_topdown": null
        },
        "base_checkpoint": "/home/moore_a_erika/Downloads/models/240910_213005.centroid.n=1595"
    },
    "optimization": {
        "preload_data": true,
        "augmentation_config": {
            "rotate": true,
            "rotation_min_angle": -180.0,
            "rotation_max_angle": 180.0,
            "translate": false,
            "translate_min": -5,
            "translate_max": 5,
            "scale": false,
            "scale_min": 0.9,
            "scale_max": 1.1,
            "uniform_noise": false,
            "uniform_noise_min_val": 0.0,
            "uniform_noise_max_val": 10.0,
            "gaussian_noise": false,
            "gaussian_noise_mean": 5.0,
            "gaussian_noise_stddev": 1.0,
            "contrast": false,
            "contrast_min_gamma": 0.5,
            "contrast_max_gamma": 2.0,
            "brightness": false,
            "brightness_min_val": 0.0,
            "brightness_max_val": 10.0,
            "random_crop": false,
            "random_crop_height": 256,
            "random_crop_width": 256,
            "random_flip": false,
            "flip_horizontal": false
        },
        "online_shuffling": true,
        "shuffle_buffer_size": 128,
        "prefetch": true,
        "batch_size": 4,
        "batches_per_epoch": 200,
        "min_batches_per_epoch": 200,
        "val_batches_per_epoch": 10,
        "min_val_batches_per_epoch": 10,
        "epochs": 200,
        "optimizer": "adam",
        "initial_learning_rate": 0.0001,
        "learning_rate_schedule": {
            "reduce_on_plateau": true,
            "reduction_factor": 0.5,
            "plateau_min_delta": 1e-06,
            "plateau_patience": 5,
            "plateau_cooldown": 3,
            "min_learning_rate": 1e-08
        },
        "hard_keypoint_mining": {
            "online_mining": false,
            "hard_to_easy_ratio": 2.0,
            "min_hard_keypoints": 2,
            "max_hard_keypoints": null,
            "loss_scale": 5.0
        },
        "early_stopping": {
            "stop_training_on_plateau": true,
            "plateau_min_delta": 1e-08,
            "plateau_patience": 10
        }
    },
    "outputs": {
        "save_outputs": true,
        "run_name": "240910_225534.centroid.n=1610",
        "run_name_prefix": "",
        "run_name_suffix": "",
        "runs_folder": "/home/moore_a_erika/Downloads/models",
        "tags": [
            ""
        ],
        "save_visualizations": true,
        "delete_viz_images": true,
        "zip_outputs": false,
        "log_to_csv": true,
        "checkpointing": {
            "initial_model": false,
            "best_model": true,
            "every_epoch": false,
            "latest_model": false,
            "final_model": false
        },
        "tensorboard": {
            "write_logs": false,
            "loss_frequency": "epoch",
            "architecture_graph": false,
            "profile_graph": false,
            "visualizations": true
        },
        "zmq": {
            "subscribe_to_controller": true,
            "controller_address": "tcp://127.0.0.1:9000",
            "controller_polling_timeout": 10,
            "publish_updates": true,
            "publish_address": "tcp://127.0.0.1:9001"
        }
    },
    "name": "",
    "description": "",
    "sleap_version": "1.3.3",
    "filename": "/home/moore_a_erika/Downloads/models/240910_225534.centroid.n=1610/initial_config.json"
}