{
    "data": {
        "labels": {
            "training_labels": "/home/moore_a_erika/Downloads/thankgod.v004.slp",
            "validation_labels": null,
            "validation_fraction": 0.1,
            "test_labels": null,
            "split_by_inds": false,
            "training_inds": [
                172,
                1016,
                849,
                1493,
                965,
                640,
                1323,
                431,
                1120,
                1454,
                217,
                73,
                191,
                388,
                24,
                914,
                48,
                471,
                1098,
                501,
                104,
                203,
                729,
                366,
                974,
                1428,
                173,
                951,
                343,
                666,
                1117,
                1308,
                477,
                669,
                103,
                807,
                450,
                1305,
                176,
                555,
                379,
                619,
                455,
                50,
                671,
                797,
                106,
                386,
                1204,
                733,
                1549,
                1504,
                732,
                1266,
                1310,
                1060,
                888,
                1286,
                1179,
                862,
                390,
                435,
                186,
                1552,
                1350,
                251,
                168,
                890,
                1277,
                850,
                56,
                1518,
                1398,
                627,
                257,
                38,
                620,
                1187,
                1220,
                231,
                285,
                1498,
                558,
                734,
                1362,
                372,
                252,
                162,
                1558,
                1589,
                167,
                1476,
                1458,
                1436,
                554,
                601,
                749,
                1161,
                952,
                1537,
                870,
                20,
                1430,
                945,
                1102,
                467,
                1547,
                1602,
                331,
                1577,
                741,
                465,
                672,
                429,
                1013,
                358,
                408,
                562,
                799,
                1289,
                674,
                1397,
                1008,
                942,
                638,
                1273,
                1601,
                964,
                744,
                1412,
                1460,
                342,
                1404,
                1464,
                1279,
                211,
                205,
                782,
                123,
                1345,
                398,
                466,
                1347,
                664,
                80,
                537,
                920,
                583,
                727,
                1311,
                1104,
                992,
                632,
                1491,
                1586,
                795,
                710,
                872,
                982,
                922,
                599,
                83,
                563,
                533,
                1521,
                987,
                1005,
                1106,
                1294,
                1575,
                765,
                594,
                170,
                832,
                1365,
                1283,
                1181,
                567,
                1086,
                52,
                1084,
                591,
                1469,
                332,
                781,
                788,
                422,
                1420,
                1010,
                1252,
                124,
                576,
                90,
                1312,
                565,
                402,
                1069,
                842,
                424,
                1270,
                624,
                1170,
                464,
                1314,
                1515,
                454,
                81,
                432,
                1599,
                1509,
                848,
                373,
                1141,
                930,
                304,
                626,
                1573,
                1446,
                1494,
                150,
                97,
                637,
                829,
                266,
                1151,
                1006,
                892,
                1501,
                14,
                202,
                21,
                1319,
                1276,
                746,
                1138,
                1184,
                1304,
                1207,
                1014,
                1251,
                1004,
                1160,
                1500,
                1216,
                525,
                957,
                1247,
                439,
                1099,
                581,
                1443,
                328,
                1382,
                544,
                430,
                1519,
                524,
                1022,
                956,
                1041,
                57,
                927,
                1082,
                1033,
                115,
                119,
                482,
                636,
                1561,
                1083,
                453,
                1516,
                204,
                1523,
                660,
                913,
                730,
                1177,
                275,
                643,
                197,
                99,
                961,
                152,
                947,
                1074,
                1265,
                451,
                1591,
                412,
                1356,
                1121,
                410,
                308,
                1528,
                973,
                418,
                352,
                1241,
                1405,
                235,
                75,
                621,
                180,
                442,
                259,
                385,
                307,
                755,
                735,
                1164,
                368,
                387,
                1431,
                1076,
                1490,
                381,
                649,
                1530,
                1003,
                789,
                1057,
                999,
                909,
                127,
                1208,
                91,
                236,
                949,
                70,
                1421,
                1230,
                641,
                1201,
                677,
                1507,
                877,
                820,
                953,
                1348,
                290,
                1473,
                350,
                1303,
                1224,
                801,
                1075,
                1384,
                349,
                880,
                1444,
                13,
                6,
                612,
                809,
                1587,
                279,
                1028,
                520,
                1139,
                1557,
                1050,
                1385,
                383,
                1508,
                500,
                805,
                213,
                690,
                802,
                323,
                395,
                648,
                989,
                794,
                704,
                192,
                282,
                449,
                137,
                773,
                43,
                239,
                42,
                267,
                1597,
                274,
                840,
                891,
                686,
                688,
                587,
                428,
                335,
                582,
                1579,
                296,
                481,
                1062,
                1355,
                1039,
                1438,
                1317,
                179,
                1227,
                509,
                1063,
                214,
                570,
                240,
                371,
                843,
                1514,
                1023,
                270,
                247,
                182,
                825,
                1188,
                934,
                1468,
                841,
                107,
                4,
                130,
                329,
                94,
                23,
                360,
                163,
                943,
                147,
                135,
                218,
                313,
                470,
                114,
                1452,
                54,
                976,
                1415,
                1565,
                1375,
                76,
                549,
                983,
                1414,
                265,
                31,
                786,
                720,
                1236,
                1071,
                1064,
                560,
                310,
                497,
                291,
                1489,
                109,
                161,
                1336,
                292,
                750,
                1145,
                468,
                696,
                458,
                1333,
                1031,
                95,
                491,
                348,
                1085,
                199,
                868,
                808,
                1541,
                697,
                933,
                503,
                244,
                1522,
                692,
                1527,
                980,
                939,
                1111,
                347,
                1140,
                34,
                1287,
                102,
                1018,
                93,
                716,
                151,
                1237,
                1166,
                1267,
                1432,
                580,
                1479,
                941,
                539,
                1275,
                98,
                324,
                1603,
                484,
                854,
                490,
                1047,
                578,
                175,
                1582,
                1244,
                1087,
                1416,
                1395,
                1585,
                1478,
                1059,
                305,
                684,
                751,
                1126,
                897,
                681,
                1472,
                364,
                1383,
                971,
                82,
                723,
                519,
                766,
                1564,
                452,
                579,
                1155,
                28,
                417,
                414,
                132,
                1590,
                1370,
                318,
                1606,
                812,
                303,
                1029,
                1108,
                1467,
                393,
                1263,
                717,
                334,
                1481,
                1296,
                1325,
                1368,
                302,
                540,
                415,
                1520,
                10,
                2,
                1007,
                1183,
                806,
                1457,
                997,
                238,
                437,
                1299,
                1369,
                743,
                929,
                1182,
                662,
                1165,
                322,
                837,
                140,
                784,
                1157,
                764,
                1118,
                1282,
                356,
                1192,
                460,
                112,
                1334,
                738,
                852,
                159,
                1555,
                55,
                1563,
                526,
                1427,
                406,
                1052,
                585,
                326,
                1453,
                894,
                827,
                644,
                374,
                1337,
                819,
                1390,
                1374,
                1435,
                665,
                1109,
                916,
                474,
                623,
                1455,
                680,
                1189,
                63,
                796,
                1153,
                803,
                811,
                1584,
                798,
                776,
                1406,
                1513,
                881,
                853,
                1232,
                49,
                857,
                1158,
                1264,
                1506,
                131,
                739,
                712,
                1581,
                78,
                1569,
                215,
                598,
                1544,
                1248,
                532,
                1562,
                298,
                1125,
                573,
                736,
                1114,
                530,
                719,
                1511,
                1574,
                1401,
                754,
                780,
                661,
                986,
                772,
                1269,
                737,
                726,
                47,
                602,
                800,
                1499,
                521,
                1533,
                708,
                1487,
                312,
                1068,
                1256,
                405,
                438,
                1200,
                126,
                966,
                548,
                1364,
                300,
                345,
                232,
                718,
                1451,
                1320,
                237,
                564,
                1203,
                1439,
                551,
                61,
                1078,
                40,
                932,
                1408,
                1072,
                715,
                122,
                1525,
                1429,
                181,
                1449,
                615,
                1234,
                391,
                682,
                1410,
                1191,
                1027,
                118,
                748,
                394,
                492,
                618,
                921,
                133,
                757,
                590,
                333,
                1112,
                893,
                861,
                269,
                317,
                866,
                1185,
                515,
                783,
                1206,
                656,
                472,
                659,
                629,
                166,
                523,
                339,
                699,
                858,
                461,
                1278,
                1554,
                92,
                268,
                1137,
                698,
                787,
                354,
                1367,
                278,
                370,
                1262,
                1532,
                146,
                280,
                46,
                1423,
                919,
                1531,
                1553,
                1448,
                559,
                187,
                1053,
                1038,
                15,
                528,
                297,
                904,
                1067,
                979,
                30,
                1338,
                1580,
                552,
                1399,
                1172,
                722,
                869,
                609,
                630,
                128,
                295,
                1198,
                1534,
                595,
                1226,
                538,
                1542,
                392,
                571,
                1572,
                1351,
                1588,
                1424,
                1456,
                357,
                22,
                1274,
                443,
                463,
                993,
                344,
                1048,
                556,
                935,
                1255,
                479,
                510,
                1604,
                145,
                1195,
                860,
                1366,
                572,
                493,
                53,
                687,
                778,
                59,
                885,
                936,
                1550,
                694,
                502,
                667,
                1386,
                1123,
                1502,
                561,
                774,
                896,
                486,
                702,
                1081,
                195,
                522,
                209,
                518,
                1393,
                1077,
                1474,
                85,
                177,
                1065,
                1150,
                44,
                566,
                1242,
                1381,
                457,
                1213,
                1093,
                1001,
                427,
                153,
                171,
                968,
                377,
                281,
                1261,
                1257,
                815,
                1477,
                603,
                9,
                384,
                1353,
                69,
                1540,
                29,
                1021,
                834,
                1298,
                908,
                1154,
                1110,
                553,
                1186,
                547,
                813,
                1567,
                527,
                984,
                676,
                436,
                1309,
                286,
                917,
                714,
                1379,
                670,
                1271,
                396,
                1363,
                1233,
                346,
                821,
                645,
                1595,
                58,
                1396,
                1486,
                1425,
                873,
                1258,
                1551,
                367,
                1040,
                141,
                611,
                1378,
                1548,
                970,
                1129,
                721,
                263,
                969,
                8,
                605,
                351,
                1342,
                399,
                155,
                1417,
                210,
                844,
                818,
                657,
                1056,
                382,
                425,
                1133,
                1235,
                1215,
                1030,
                71,
                480,
                389,
                447,
                683,
                771,
                494,
                154,
                878,
                785,
                991,
                1051,
                143,
                1134,
                456,
                944,
                1223,
                1344,
                1475,
                1322,
                1402,
                1536,
                363,
                1566,
                1434,
                200,
                864,
                1352,
                899,
                1132,
                1389,
                1583,
                327,
                511,
                1407,
                1391,
                134,
                1042,
                1101,
                777,
                709,
                301,
                1122,
                314,
                164,
                635,
                144,
                791,
                1148,
                1116,
                691,
                1526,
                1300,
                1036,
                499,
                1127,
                642,
                1546,
                1054,
                886,
                1505,
                1470,
                679,
                1229,
                1097,
                604,
                79,
                1332,
                19,
                1080,
                45,
                1503,
                423,
                149,
                1387,
                498,
                606,
                288,
                770,
                536,
                592,
                826,
                761,
                856,
                475,
                196,
                693,
                340,
                631,
                1413,
                713,
                226,
                1437,
                1335,
                336,
                1020,
                1290,
                1035,
                77,
                1328,
                51,
                65,
                769,
                1168,
                1073,
                338,
                341,
                1210,
                724,
                411,
                959,
                1119,
                1441,
                355,
                1105,
                1240,
                1373,
                142,
                138,
                1017,
                954,
                508,
                1243,
                1409,
                242,
                1411,
                1000,
                1070,
                409,
                1485,
                3,
                1012,
                1371,
                129,
                550,
                1326,
                830,
                1605,
                433,
                654,
                1124,
                700,
                703,
                207,
                1115,
                740,
                1496,
                1341,
                673,
                768,
                1025,
                224,
                1142,
                1571,
                940,
                535,
                1019,
                271,
                157,
                588,
                926,
                707,
                459,
                376,
                1174,
                902,
                88,
                810,
                1529,
                1358,
                1231,
                309,
                1221,
                517,
                874,
                1596,
                462,
                668,
                254,
                37,
                284,
                1426,
                1339,
                1034,
                378,
                506,
                1246,
                87,
                1268,
                1147,
                1024,
                262,
                906,
                1143,
                277,
                184,
                728,
                476,
                113,
                1495,
                1049,
                1330,
                1284,
                652,
                359,
                1543,
                1058,
                228,
                1388,
                1272,
                507,
                981,
                1144,
                504,
                86,
                1009,
                948,
                1377,
                1331,
                421,
                16,
                1156,
                543,
                488,
                1219,
                824,
                276,
                1066,
                745,
                1466,
                1321,
                1497,
                1359,
                1592,
                1440,
                625,
                420,
                7,
                505,
                225,
                246,
                400,
                1103,
                617,
                867,
                156,
                1306,
                977,
                413,
                884,
                1254,
                1598,
                426,
                1568,
                1061,
                678,
                1280,
                261,
                125,
                542,
                1090,
                120,
                875,
                792,
                759,
                955,
                489,
                847,
                876,
                264,
                1044,
                596,
                315,
                35,
                233,
                1228,
                1180,
                762,
                1250,
                960,
                1482,
                1152,
                1245,
                485,
                249,
                575,
                923,
                1560,
                871,
                478,
                918,
                675,
                633,
                178,
                1346,
                822,
                1045,
                101,
                859,
                1100,
                189,
                1190,
                183,
                136,
                1002,
                1130,
                1162,
                628,
                72,
                1447,
                613,
                174,
                584,
                1376,
                11,
                1600,
                569,
                234,
                441,
                646,
                514,
                988,
                110,
                1225,
                229,
                1,
                293,
                753,
                1293,
                1492,
                938,
                1608,
                375,
                962,
                1459,
                1324,
                1403,
                0,
                1327,
                747,
                845,
                706,
                321,
                836,
                1512,
                912,
                610,
                473,
                18,
                689,
                1095,
                1091,
                483,
                1149,
                1089,
                833,
                1329,
                1302,
                1260,
                1214,
                222,
                901,
                108,
                946,
                1239,
                1094,
                589,
                790,
                907,
                1193,
                725,
                622,
                1178,
                1340,
                1318,
                445,
                64,
                1609,
                188,
                1292,
                416,
                1480,
                1135,
                756,
                911,
                1307,
                248,
                68,
                495,
                597,
                1128,
                41,
                380,
                1361,
                1281,
                634,
                1316,
                889,
                198,
                1483,
                404,
                469,
                397,
                27,
                905,
                529,
                658,
                958,
                1578,
                1131,
                1107,
                241,
                647,
                655,
                793,
                139,
                74,
                1046,
                208,
                915,
                1194,
                883,
                1343,
                220,
                978,
                1315,
                823,
                219,
                194,
                779,
                365,
                1088,
                1593,
                25,
                967,
                651,
                814,
                32,
                1176,
                89,
                434,
                557,
                1576,
                1026,
                117,
                1211,
                828,
                1288,
                1295,
                545,
                26,
                574,
                1372,
                895,
                440,
                169,
                362,
                924,
                353,
                758,
                1465,
                1594,
                846,
                1259,
                66,
                639,
                206,
                816,
                831,
                1538,
                887,
                320,
                546,
                1471,
                1392,
                1202,
                1313,
                299,
                1163,
                256,
                1488,
                319,
                105,
                1418,
                1015,
                910,
                230,
                1238,
                306,
                985,
                900,
                1222,
                1349,
                121,
                650,
                879,
                1360,
                96,
                272,
                1199,
                1463,
                1212
            ],
            "validation_inds": [
                568,
                903,
                742,
                250,
                865,
                1096,
                1462,
                1524,
                1167,
                775,
                1380,
                608,
                1433,
                67,
                593,
                1354,
                1517,
                36,
                950,
                928,
                1556,
                1032,
                148,
                1209,
                283,
                963,
                701,
                838,
                835,
                839,
                294,
                998,
                760,
                763,
                369,
                925,
                1539,
                614,
                1419,
                1011,
                695,
                17,
                60,
                995,
                1297,
                33,
                330,
                711,
                487,
                1291,
                1218,
                116,
                84,
                1169,
                193,
                1249,
                1217,
                111,
                898,
                223,
                1545,
                243,
                513,
                287,
                990,
                975,
                1092,
                577,
                311,
                1159,
                273,
                804,
                994,
                937,
                289,
                882,
                39,
                1079,
                731,
                316,
                1445,
                403,
                190,
                512,
                1450,
                1113,
                1285,
                255,
                1171,
                685,
                1607,
                201,
                1037,
                1173,
                337,
                444,
                534,
                607,
                516,
                863,
                446,
                401,
                1136,
                100,
                227,
                1559,
                1205,
                1510,
                260,
                931,
                586,
                1422,
                1461,
                253,
                1055,
                245,
                216,
                1484,
                653,
                996,
                361,
                165,
                972,
                158,
                62,
                616,
                600,
                705,
                12,
                752,
                1570,
                1400,
                1146,
                1301,
                496,
                419,
                851,
                325,
                1196,
                1535,
                1043,
                160,
                258,
                185,
                855,
                1253,
                1442,
                407,
                531,
                221,
                663,
                767,
                817,
                212,
                1394,
                1357,
                448,
                5,
                1175,
                541,
                1197
            ],
            "test_inds": null,
            "search_path_hints": [
                "",
                "",
                "",
                "",
                "",
                "",
                "",
                "",
                "",
                ""
            ],
            "skeletons": [
                {
                    "directed": true,
                    "graph": {
                        "name": "Skeleton-3",
                        "num_edges_inserted": 6
                    },
                    "links": [
                        {
                            "edge_insert_idx": 0,
                            "key": 0,
                            "source": {
                                "py/object": "sleap.skeleton.Node",
                                "py/state": {
                                    "py/tuple": [
                                        "mouth",
                                        1.0
                                    ]
                                }
                            },
                            "target": {
                                "py/object": "sleap.skeleton.Node",
                                "py/state": {
                                    "py/tuple": [
                                        "L_eye",
                                        1.0
                                    ]
                                }
                            },
                            "type": {
                                "py/reduce": [
                                    {
                                        "py/type": "sleap.skeleton.EdgeType"
                                    },
                                    {
                                        "py/tuple": [
                                            1
                                        ]
                                    }
                                ]
                            }
                        },
                        {
                            "edge_insert_idx": 1,
                            "key": 0,
                            "source": {
                                "py/id": 1
                            },
                            "target": {
                                "py/object": "sleap.skeleton.Node",
                                "py/state": {
                                    "py/tuple": [
                                        "R_eye",
                                        1.0
                                    ]
                                }
                            },
                            "type": {
                                "py/id": 3
                            }
                        },
                        {
                            "edge_insert_idx": 4,
                            "key": 0,
                            "source": {
                                "py/id": 2
                            },
                            "target": {
                                "py/object": "sleap.skeleton.Node",
                                "py/state": {
                                    "py/tuple": [
                                        "spine",
                                        1.0
                                    ]
                                }
                            },
                            "type": {
                                "py/id": 3
                            }
                        },
                        {
                            "edge_insert_idx": 5,
                            "key": 0,
                            "source": {
                                "py/id": 4
                            },
                            "target": {
                                "py/id": 5
                            },
                            "type": {
                                "py/id": 3
                            }
                        },
                        {
                            "edge_insert_idx": 3,
                            "key": 0,
                            "source": {
                                "py/id": 5
                            },
                            "target": {
                                "py/object": "sleap.skeleton.Node",
                                "py/state": {
                                    "py/tuple": [
                                        "tail",
                                        1.0
                                    ]
                                }
                            },
                            "type": {
                                "py/id": 3
                            }
                        }
                    ],
                    "multigraph": true,
                    "nodes": [
                        {
                            "id": {
                                "py/id": 1
                            }
                        },
                        {
                            "id": {
                                "py/id": 2
                            }
                        },
                        {
                            "id": {
                                "py/id": 4
                            }
                        },
                        {
                            "id": {
                                "py/id": 5
                            }
                        },
                        {
                            "id": {
                                "py/id": 6
                            }
                        }
                    ]
                }
            ]
        },
        "preprocessing": {
            "ensure_rgb": false,
            "ensure_grayscale": false,
            "imagenet_mode": null,
            "input_scaling": 0.4,
            "pad_to_stride": 16,
            "resize_and_pad_to_target": true,
            "target_height": 1080,
            "target_width": 1080
        },
        "instance_cropping": {
            "center_on_part": "spine",
            "crop_size": null,
            "crop_size_detection_padding": 16
        }
    },
    "model": {
        "backbone": {
            "leap": null,
            "unet": {
                "stem_stride": null,
                "max_stride": 16,
                "output_stride": 2,
                "filters": 16,
                "filters_rate": 2.0,
                "middle_block": true,
                "up_interpolate": true,
                "stacks": 1
            },
            "hourglass": null,
            "resnet": null,
            "pretrained_encoder": null
        },
        "heads": {
            "single_instance": null,
            "centroid": {
                "anchor_part": "spine",
                "sigma": 2.5,
                "output_stride": 2,
                "loss_weight": 1.0,
                "offset_refinement": false
            },
            "centered_instance": null,
            "multi_instance": null,
            "multi_class_bottomup": null,
            "multi_class_topdown": null
        },
        "base_checkpoint": "/home/moore_a_erika/Downloads/models/240910_213005.centroid.n=1595"
    },
    "optimization": {
        "preload_data": true,
        "augmentation_config": {
            "rotate": true,
            "rotation_min_angle": -180.0,
            "rotation_max_angle": 180.0,
            "translate": false,
            "translate_min": -5,
            "translate_max": 5,
            "scale": false,
            "scale_min": 0.9,
            "scale_max": 1.1,
            "uniform_noise": false,
            "uniform_noise_min_val": 0.0,
            "uniform_noise_max_val": 10.0,
            "gaussian_noise": false,
            "gaussian_noise_mean": 5.0,
            "gaussian_noise_stddev": 1.0,
            "contrast": false,
            "contrast_min_gamma": 0.5,
            "contrast_max_gamma": 2.0,
            "brightness": false,
            "brightness_min_val": 0.0,
            "brightness_max_val": 10.0,
            "random_crop": false,
            "random_crop_height": 256,
            "random_crop_width": 256,
            "random_flip": false,
            "flip_horizontal": false
        },
        "online_shuffling": true,
        "shuffle_buffer_size": 128,
        "prefetch": true,
        "batch_size": 4,
        "batches_per_epoch": 200,
        "min_batches_per_epoch": 200,
        "val_batches_per_epoch": 10,
        "min_val_batches_per_epoch": 10,
        "epochs": 200,
        "optimizer": "adam",
        "initial_learning_rate": 0.0001,
        "learning_rate_schedule": {
            "reduce_on_plateau": true,
            "reduction_factor": 0.5,
            "plateau_min_delta": 1e-06,
            "plateau_patience": 5,
            "plateau_cooldown": 3,
            "min_learning_rate": 1e-08
        },
        "hard_keypoint_mining": {
            "online_mining": false,
            "hard_to_easy_ratio": 2.0,
            "min_hard_keypoints": 2,
            "max_hard_keypoints": null,
            "loss_scale": 5.0
        },
        "early_stopping": {
            "stop_training_on_plateau": true,
            "plateau_min_delta": 1e-08,
            "plateau_patience": 10
        }
    },
    "outputs": {
        "save_outputs": true,
        "run_name": "240910_225534.centroid.n=1610",
        "run_name_prefix": "",
        "run_name_suffix": "",
        "runs_folder": "/home/moore_a_erika/Downloads/models",
        "tags": [
            ""
        ],
        "save_visualizations": true,
        "delete_viz_images": true,
        "zip_outputs": false,
        "log_to_csv": true,
        "checkpointing": {
            "initial_model": false,
            "best_model": true,
            "every_epoch": false,
            "latest_model": false,
            "final_model": false
        },
        "tensorboard": {
            "write_logs": false,
            "loss_frequency": "epoch",
            "architecture_graph": false,
            "profile_graph": false,
            "visualizations": true
        },
        "zmq": {
            "subscribe_to_controller": true,
            "controller_address": "tcp://127.0.0.1:9000",
            "controller_polling_timeout": 10,
            "publish_updates": true,
            "publish_address": "tcp://127.0.0.1:9001"
        }
    },
    "name": "",
    "description": "",
    "sleap_version": "1.3.3",
    "filename": "/home/moore_a_erika/Downloads/models/240910_225534.centroid.n=1610/training_config.json"
}