{
    "data": {
        "labels": {
            "training_labels": "/home/moore_a_erika/Downloads/thankgod.v003.slp",
            "validation_labels": null,
            "validation_fraction": 0.1,
            "test_labels": null,
            "split_by_inds": false,
            "training_inds": [
                548,
                1123,
                283,
                622,
                1102,
                389,
                1569,
                232,
                1550,
                552,
                1070,
                1468,
                960,
                384,
                630,
                621,
                896,
                1300,
                1378,
                1073,
                323,
                699,
                391,
                231,
                748,
                1060,
                769,
                1046,
                1493,
                1345,
                1306,
                742,
                667,
                619,
                1397,
                508,
                1289,
                1386,
                1071,
                1523,
                944,
                1339,
                1053,
                336,
                705,
                510,
                1126,
                115,
                574,
                925,
                267,
                1283,
                258,
                830,
                1319,
                693,
                646,
                967,
                582,
                1204,
                426,
                545,
                802,
                1147,
                797,
                403,
                728,
                256,
                542,
                404,
                885,
                85,
                1276,
                993,
                613,
                743,
                1131,
                449,
                783,
                1110,
                1097,
                1020,
                1190,
                175,
                996,
                171,
                954,
                995,
                248,
                274,
                146,
                800,
                492,
                1231,
                640,
                671,
                1563,
                440,
                240,
                46,
                84,
                311,
                1524,
                1565,
                642,
                1461,
                205,
                261,
                33,
                741,
                935,
                1512,
                1188,
                1076,
                541,
                931,
                1444,
                824,
                1085,
                102,
                435,
                1566,
                1387,
                11,
                120,
                1143,
                564,
                594,
                154,
                1513,
                506,
                80,
                37,
                1164,
                402,
                1453,
                1454,
                1571,
                623,
                1585,
                362,
                1074,
                1479,
                1530,
                1518,
                280,
                893,
                857,
                514,
                352,
                282,
                652,
                1266,
                1321,
                1023,
                473,
                52,
                124,
                97,
                673,
                990,
                1575,
                717,
                428,
                1521,
                1144,
                884,
                953,
                1124,
                337,
                1230,
                427,
                394,
                1509,
                679,
                1090,
                32,
                1010,
                155,
                980,
                486,
                507,
                1534,
                338,
                358,
                247,
                1539,
                500,
                442,
                547,
                889,
                554,
                213,
                519,
                1245,
                1495,
                1160,
                744,
                976,
                170,
                1025,
                709,
                1417,
                20,
                1118,
                371,
                1152,
                841,
                755,
                1481,
                40,
                988,
                1399,
                1218,
                245,
                859,
                465,
                1003,
                1101,
                920,
                1376,
                1547,
                1095,
                950,
                141,
                963,
                27,
                1136,
                917,
                285,
                272,
                573,
                516,
                1246,
                1075,
                964,
                902,
                118,
                685,
                1425,
                1298,
                1112,
                1154,
                294,
                1011,
                928,
                1344,
                556,
                96,
                39,
                1077,
                233,
                224,
                15,
                660,
                1491,
                913,
                895,
                59,
                675,
                807,
                878,
                620,
                828,
                1355,
                490,
                958,
                191,
                719,
                528,
                1063,
                237,
                496,
                1106,
                894,
                1062,
                886,
                312,
                911,
                1494,
                1514,
                1564,
                335,
                1220,
                1171,
                300,
                975,
                332,
                49,
                792,
                1059,
                801,
                539,
                207,
                1476,
                291,
                1242,
                756,
                577,
                477,
                1103,
                310,
                579,
                1506,
                566,
                1114,
                128,
                220,
                432,
                376,
                1330,
                1327,
                586,
                1207,
                758,
                1156,
                187,
                148,
                847,
                1022,
                1159,
                1329,
                702,
                572,
                1264,
                1536,
                1338,
                700,
                1482,
                25,
                772,
                319,
                1033,
                100,
                268,
                941,
                229,
                610,
                635,
                665,
                994,
                1047,
                767,
                43,
                325,
                842,
                1015,
                411,
                169,
                153,
                908,
                1196,
                438,
                1258,
                298,
                345,
                1445,
                1098,
                1056,
                1431,
                768,
                1337,
                1041,
                1180,
                855,
                522,
                688,
                1211,
                736,
                333,
                891,
                71,
                771,
                1292,
                734,
                982,
                95,
                658,
                875,
                1028,
                1407,
                730,
                6,
                17,
                132,
                606,
                536,
                172,
                1213,
                195,
                599,
                809,
                831,
                198,
                1270,
                3,
                735,
                7,
                246,
                1122,
                1316,
                690,
                1466,
                91,
                1537,
                296,
                1383,
                484,
                1396,
                521,
                498,
                863,
                726,
                714,
                940,
                236,
                1155,
                1240,
                1034,
                422,
                787,
                1225,
                445,
                149,
                1557,
                666,
                94,
                774,
                374,
                211,
                21,
                215,
                489,
                457,
                1272,
                909,
                74,
                1469,
                495,
                47,
                633,
                651,
                67,
                44,
                718,
                978,
                1195,
                1161,
                423,
                600,
                1138,
                903,
                708,
                1500,
                1121,
                414,
                557,
                1326,
                951,
                803,
                1457,
                1301,
                1055,
                1031,
                897,
                1312,
                238,
                732,
                249,
                1294,
                494,
                776,
                76,
                853,
                1035,
                611,
                1508,
                581,
                1281,
                669,
                271,
                747,
                1488,
                1460,
                850,
                469,
                1510,
                754,
                638,
                162,
                276,
                1529,
                31,
                295,
                753,
                890,
                1048,
                1181,
                916,
                533,
                35,
                62,
                197,
                716,
                1412,
                1168,
                390,
                270,
                1380,
                1137,
                77,
                399,
                532,
                1148,
                737,
                209,
                431,
                764,
                1410,
                1178,
                1093,
                923,
                1215,
                860,
                775,
                518,
                255,
                9,
                88,
                1182,
                1505,
                827,
                308,
                448,
                713,
                54,
                1172,
                839,
                478,
                235,
                587,
                1069,
                309,
                1038,
                680,
                355,
                82,
                1573,
                1416,
                1309,
                570,
                230,
                1145,
                1592,
                1006,
                392,
                87,
                605,
                103,
                826,
                125,
                1519,
                383,
                218,
                190,
                1490,
                372,
                550,
                244,
                836,
                1153,
                1471,
                453,
                936,
                104,
                851,
                513,
                398,
                1081,
                1203,
                558,
                770,
                837,
                1357,
                1498,
                361,
                1516,
                1191,
                58,
                525,
                491,
                429,
                1045,
                434,
                1205,
                761,
                1304,
                151,
                641,
                1163,
                1263,
                227,
                105,
                723,
                1024,
                906,
                1527,
                503,
                1448,
                1426,
                1567,
                505,
                598,
                1105,
                603,
                259,
                487,
                1389,
                1403,
                763,
                1297,
                1229,
                317,
                1440,
                1400,
                1072,
                443,
                1437,
                1419,
                482,
                720,
                698,
                1522,
                549,
                144,
                1256,
                999,
                1497,
                681,
                1238,
                644,
                1206,
                1198,
                798,
                1503,
                1333,
                1197,
                1328,
                1,
                1525,
                1402,
                833,
                18,
                1511,
                1406,
                1030,
                367,
                177,
                535,
                387,
                1422,
                1555,
                656,
                1202,
                108,
                1250,
                119,
                359,
                1390,
                1405,
                808,
                1157,
                14,
                1128,
                1414,
                1179,
                910,
                408,
                616,
                57,
                159,
                351,
                216,
                835,
                1578,
                1237,
                704,
                1420,
                727,
                1267,
                1142,
                817,
                632,
                182,
                861,
                1259,
                844,
                1347,
                829,
                1446,
                1381,
                659,
                593,
                69,
                795,
                989,
                565,
                1546,
                822,
                347,
                375,
                731,
                695,
                637,
                614,
                121,
                28,
                1374,
                654,
                1113,
                1175,
                5,
                971,
                142,
                517,
                1394,
                540,
                639,
                544,
                2,
                571,
                819,
                1526,
                302,
                1248,
                998,
                179,
                921,
                1261,
                1496,
                1382,
                1545,
                140,
                221,
                1590,
                1280,
                499,
                1372,
                1335,
                278,
                201,
                1427,
                1450,
                821,
                168,
                1210,
                1556,
                1018,
                165,
                1125,
                793,
                634,
                1170,
                943,
                1551,
                320,
                196,
                109,
                413,
                856,
                1005,
                602,
                715,
                1262,
                437,
                585,
                657,
                313,
                653,
                90,
                1209,
                691,
                458,
                762,
                433,
                1313,
                1315,
                134,
                712,
                51,
                1473,
                199,
                543,
                596,
                1232,
                759,
                788,
                664,
                1130,
                417,
                462,
                212,
                34,
                1183,
                1351,
                343,
                480,
                781,
                1135,
                460,
                952,
                1176,
                1434,
                584,
                416,
                133,
                1370,
                588,
                696,
                217,
                1234,
                1572,
                1366,
                1271,
                966,
                315,
                114,
                569,
                1528,
                1227,
                721,
                497,
                1253,
                965,
                1341,
                243,
                239,
                1092,
                1435,
                580,
                1432,
                1254,
                607,
                526,
                1364,
                152,
                1265,
                873,
                75,
                1061,
                1436,
                1340,
                1032,
                504,
                1362,
                670,
                682,
                328,
                618,
                81,
                167,
                1223,
                515,
                1342,
                1007,
                912,
                16,
                4,
                485,
                1039,
                901,
                365,
                900,
                979,
                559,
                1392,
                694,
                223,
                1050,
                1359,
                1080,
                1084,
                959,
                1184,
                1404,
                1194,
                512,
                1129,
                1552,
                262,
                1079,
                1149,
                576,
                1251,
                922,
                470,
                1252,
                1201,
                139,
                852,
                636,
                1040,
                929,
                617,
                451,
                284,
                648,
                436,
                1353,
                0,
                123,
                991,
                1302,
                481,
                563,
                501,
                292,
                380,
                956,
                509,
                1477,
                264,
                785,
                583,
                1212,
                1472,
                1139,
                1290,
                1483,
                562,
                1449,
                905,
                158,
                609,
                257,
                454,
                48,
                1413,
                1489,
                1442,
                1247,
                590,
                326,
                488,
                750,
                1067,
                918,
                1502,
                1305,
                1314,
                110,
                1594,
                1447,
                350,
                1091,
                1373,
                447,
                984,
                463,
                1520,
                1323,
                766,
                662,
                1233,
                92,
                253,
                1115,
                1356,
                814,
                655,
                1318,
                974,
                805,
                746,
                745,
                204,
                441,
                1452,
                757,
                1146,
                553,
                324,
                1008,
                1036,
                946,
                868,
                396,
                810,
                1064,
                138,
                1504,
                957,
                877,
                316,
                12,
                907,
                418,
                676,
                419,
                834,
                468,
                625,
                627,
                740,
                1228,
                234,
                1117,
                849,
                340,
                1100,
                892,
                369,
                806,
                1243,
                341,
                1586,
                904,
                395,
                145,
                1291,
                560,
                406,
                29,
                919,
                1451,
                1395,
                161,
                136,
                1544,
                1173,
                1458,
                595,
                344,
                724,
                186,
                1004,
                825,
                354,
                1322,
                1559,
                131,
                1002,
                1501,
                1561,
                1186,
                647,
                1104,
                116,
                210,
                93,
                174,
                456,
                64,
                483,
                373,
                1591,
                1277,
                1492,
                1332,
                784,
                8,
                126,
                1541,
                1581,
                811,
                1310,
                1311,
                1274,
                1478,
                1017,
                1346,
                983,
                1331,
                1284,
                1165,
                689,
                1487,
                1553,
                701,
                1222,
                60,
                1108,
                1428,
                275,
                388,
                947,
                780,
                597,
                305,
                1589,
                601,
                1260,
                127,
                1584,
                1208,
                864,
                538,
                1214,
                796,
                1543,
                1441,
                339,
                279,
                386,
                378,
                430,
                450,
                409,
                79,
                30,
                101,
                467,
                924,
                1027,
                173,
                738,
                455,
                1244,
                107,
                870,
                1459,
                112,
                1019,
                871,
                972,
                1151,
                1433,
                887,
                452,
                1001,
                628,
                1398,
                1042,
                225,
                650,
                1141,
                1288,
                1177,
                765,
                70,
                156,
                760,
                1087,
                1058,
                1089,
                476,
                930,
                1257,
                786,
                789,
                1082,
                524,
                981,
                725,
                1235,
                1193,
                530,
                1037,
                668,
                1401,
                1133,
                1255,
                511,
                1167,
                1308,
                1415,
                1393,
                674,
                241,
                812,
                1409,
                848,
                1558,
                111,
                1099,
                65,
                407,
                1438,
                1119,
                1470,
                729,
                66,
                551,
                1111,
                898,
                22,
                10,
                881,
                1580,
                176,
                643,
                297,
                1574,
                1249,
                1000,
                1515,
                626,
                1317,
                346,
                459,
                1554,
                1109,
                180,
                502,
                683,
                183,
                1535,
                779,
                1278,
                1443,
                1054,
                36,
                299,
                1464,
                939,
                393,
                412,
                415,
                1348,
                106,
                1162,
                150,
                799,
                117,
                166,
                356,
                1295,
                1066,
                1375,
                1241,
                1334,
                1463,
                214,
                1576,
                135,
                537,
                815,
                251,
                260,
                1083,
                269,
                1320,
                749,
                143,
                157,
                778,
                1336,
                1423,
                1484,
                163,
                293,
                1588,
                228,
                883,
                1568,
                932,
                846,
                1540,
                189,
                130,
                1411,
                1303,
                444,
                68,
                624,
                866,
                840,
                1174,
                711,
                986,
                608,
                1379,
                1116,
                589,
                933,
                1273,
                1096,
                281,
                882,
                645,
                405,
                1127,
                1349,
                752,
                185,
                926,
                287,
                948,
                733,
                286,
                363,
                880,
                475,
                1418,
                147,
                874,
                1532,
                1049,
                1542,
                1560,
                464,
                439,
                1057,
                78,
                1486,
                1051,
                1465,
                879,
                1363,
                615,
                862,
                366,
                1217,
                1226,
                832,
                813,
                1275,
                194,
                321,
                1269,
                219,
                1538,
                1439,
                722,
                751,
                687,
                1107,
                1549,
                1065,
                301,
                348,
                703,
                1579,
                1384,
                188,
                1009,
                791,
                86,
                479,
                854,
                1185,
                942,
                303,
                99,
                961,
                710,
                1086,
                820,
                1200,
                1016,
                777,
                865,
                471,
                1268,
                1354,
                1299,
                592,
                61,
                1132,
                1026,
                113,
                661,
                1570,
                934,
                949,
                1296,
                1507,
                823,
                1189,
                304,
                474,
                401,
                1192,
                546,
                55,
                160,
                226,
                410,
                202,
                1169,
                937,
                330,
                178,
                692,
                684,
                1324,
                89,
                867,
                45,
                1134,
                686,
                1485,
                531,
                290,
                368,
                663,
                876,
                98,
                50,
                206,
                273,
                1013,
                1068,
                899,
                1499,
                1429,
                1593,
                706,
                955,
                1424,
                1577,
                38,
                1462,
                421,
                364,
                53,
                472,
                461,
                804,
                19,
                1533,
                843,
                1029,
                41,
                1365,
                318,
                1279,
                1480,
                424,
                1352,
                1187,
                1140,
                845,
                838,
                1166
            ],
            "validation_inds": [
                858,
                1456,
                385,
                192,
                184,
                1285,
                968,
                1358,
                56,
                1385,
                970,
                1367,
                1531,
                322,
                382,
                969,
                1307,
                420,
                1350,
                314,
                1361,
                915,
                869,
                42,
                612,
                1582,
                1421,
                1368,
                872,
                357,
                1325,
                962,
                1021,
                520,
                1094,
                1286,
                288,
                1391,
                697,
                263,
                1548,
                567,
                370,
                164,
                816,
                252,
                534,
                342,
                83,
                1120,
                397,
                992,
                1078,
                1343,
                181,
                265,
                529,
                277,
                938,
                306,
                739,
                1158,
                561,
                987,
                523,
                782,
                129,
                914,
                794,
                527,
                818,
                377,
                137,
                1219,
                331,
                381,
                1239,
                773,
                466,
                985,
                1517,
                222,
                203,
                26,
                400,
                1430,
                23,
                122,
                568,
                353,
                1221,
                977,
                208,
                790,
                973,
                555,
                1377,
                649,
                360,
                307,
                1587,
                63,
                1388,
                927,
                1043,
                1282,
                327,
                1150,
                349,
                629,
                254,
                888,
                200,
                73,
                1052,
                1408,
                678,
                13,
                1199,
                24,
                334,
                1369,
                591,
                379,
                242,
                945,
                1360,
                72,
                1562,
                1583,
                446,
                1236,
                1474,
                193,
                1224,
                578,
                672,
                677,
                1287,
                1293,
                266,
                1014,
                1467,
                1088,
                1044,
                289,
                1455,
                250,
                604,
                575,
                1012,
                997,
                425,
                1371,
                329,
                1475,
                631,
                493,
                1216,
                707
            ],
            "test_inds": null,
            "search_path_hints": [
                "",
                "",
                "",
                "",
                "",
                "",
                "",
                "",
                ""
            ],
            "skeletons": []
        },
        "preprocessing": {
            "ensure_rgb": false,
            "ensure_grayscale": false,
            "imagenet_mode": null,
            "input_scaling": 1.0,
            "pad_to_stride": 1,
            "resize_and_pad_to_target": true,
            "target_height": 1080,
            "target_width": 1080
        },
        "instance_cropping": {
            "center_on_part": "spine",
            "crop_size": null,
            "crop_size_detection_padding": 16
        }
    },
    "model": {
        "backbone": {
            "leap": null,
            "unet": {
                "stem_stride": null,
                "max_stride": 16,
                "output_stride": 4,
                "filters": 24,
                "filters_rate": 2.0,
                "middle_block": true,
                "up_interpolate": true,
                "stacks": 1
            },
            "hourglass": null,
            "resnet": null,
            "pretrained_encoder": null
        },
        "heads": {
            "single_instance": null,
            "centroid": null,
            "centered_instance": {
                "anchor_part": "spine",
                "part_names": [
                    "mouth",
                    "L_eye",
                    "R_eye",
                    "tail",
                    "spine"
                ],
                "sigma": 2.5,
                "output_stride": 4,
                "loss_weight": 1.0,
                "offset_refinement": false
            },
            "multi_instance": null,
            "multi_class_bottomup": null,
            "multi_class_topdown": null
        },
        "base_checkpoint": "/home/moore_a_erika/Downloads/models/240910_215247.centered_instance.n=1595"
    },
    "optimization": {
        "preload_data": true,
        "augmentation_config": {
            "rotate": true,
            "rotation_min_angle": -180.0,
            "rotation_max_angle": 180.0,
            "translate": false,
            "translate_min": -5,
            "translate_max": 5,
            "scale": false,
            "scale_min": 0.9,
            "scale_max": 1.1,
            "uniform_noise": false,
            "uniform_noise_min_val": 0.0,
            "uniform_noise_max_val": 10.0,
            "gaussian_noise": false,
            "gaussian_noise_mean": 5.0,
            "gaussian_noise_stddev": 1.0,
            "contrast": false,
            "contrast_min_gamma": 0.5,
            "contrast_max_gamma": 2.0,
            "brightness": false,
            "brightness_min_val": 0.0,
            "brightness_max_val": 10.0,
            "random_crop": false,
            "random_crop_height": 256,
            "random_crop_width": 256,
            "random_flip": false,
            "flip_horizontal": false
        },
        "online_shuffling": true,
        "shuffle_buffer_size": 128,
        "prefetch": true,
        "batch_size": 4,
        "batches_per_epoch": 200,
        "min_batches_per_epoch": 200,
        "val_batches_per_epoch": 10,
        "min_val_batches_per_epoch": 10,
        "epochs": 200,
        "optimizer": "adam",
        "initial_learning_rate": 0.0001,
        "learning_rate_schedule": {
            "reduce_on_plateau": true,
            "reduction_factor": 0.5,
            "plateau_min_delta": 1e-06,
            "plateau_patience": 5,
            "plateau_cooldown": 3,
            "min_learning_rate": 1e-08
        },
        "hard_keypoint_mining": {
            "online_mining": false,
            "hard_to_easy_ratio": 2.0,
            "min_hard_keypoints": 2,
            "max_hard_keypoints": null,
            "loss_scale": 5.0
        },
        "early_stopping": {
            "stop_training_on_plateau": true,
            "plateau_min_delta": 1e-08,
            "plateau_patience": 10
        }
    },
    "outputs": {
        "save_outputs": true,
        "run_name": "240910_231532.centered_instance.n=1610",
        "run_name_prefix": "",
        "run_name_suffix": "",
        "runs_folder": "/home/moore_a_erika/Downloads/models",
        "tags": [
            ""
        ],
        "save_visualizations": true,
        "delete_viz_images": true,
        "zip_outputs": false,
        "log_to_csv": true,
        "checkpointing": {
            "initial_model": false,
            "best_model": true,
            "every_epoch": false,
            "latest_model": false,
            "final_model": false
        },
        "tensorboard": {
            "write_logs": false,
            "loss_frequency": "epoch",
            "architecture_graph": false,
            "profile_graph": false,
            "visualizations": true
        },
        "zmq": {
            "subscribe_to_controller": true,
            "controller_address": "tcp://127.0.0.1:9000",
            "controller_polling_timeout": 10,
            "publish_updates": true,
            "publish_address": "tcp://127.0.0.1:9001"
        }
    },
    "name": "",
    "description": "",
    "sleap_version": "1.3.3",
    "filename": "/home/moore_a_erika/Downloads/models/240910_231532.centered_instance.n=1610/initial_config.json"
}